Domain,Target,Acc.,Chance,Advantage
E-health,Policy content,0.4666321013258277,0.46555555555555556,0.0010765457702721637
E-health,Attribute value,0.020665135915858085,0.023088888888888888,-0.002423752973030803
E-health,Policy mask,0.52055403303459,0.518,0.0025540330345900086
OSN-Twitter,Policy content,0.4512,0.4484,0.002799999999999969
OSN-Twitter,Attribute value,0.0033333333333333335,0.0036,-0.00026666666666666635
OSN-Twitter,Policy mask,0.6356,0.62926,0.006340000000000012
OSN-Facebook,Policy content,0.45866666666666667,0.4382,0.02046666666666669
OSN-Facebook,Attribute value,0.010666666666666666,0.0122,-0.0015333333333333345
OSN-Facebook,Policy mask,0.45866666666666667,0.4382,0.02046666666666669
